[
    {
        "id": 1,
        "firstName": "John",
        "lastName": "Smith",
        "phone": "02 9988 2211",
        "company": "IT",
        "project": "CRM project",
        "notes": "This is a note"
    },
    {
        "id": 2,
        "firstName": "Sue",
        "lastName": "White",
        "phone": "03 8899 2255",
        "company": "Marketing",
        "project": "CRM project",
        "notes": "This is a note"
    },
    {
        "id": 3,
        "firstName": "Bob",
        "lastName": "O'Bits",
        "phone": "05 7788 2255",
        "company": "Finance",
        "project": "CRM project",
        "notes": "This is a note"
    },
    {
        "id": 4,
        "firstName": "Mary",
        "lastName": "Blue",
        "phone": "06 4455 9988",
        "company": "Marketing",
        "project": "CRM project",
        "notes": "This is a note"
    },
    {
        "id": 5,
        "firstName": "Mick",
        "lastName": "Green",
        "phone": "02 9988 1122",
        "company": "Finance",
        "project": "CRM project",
        "notes": "This is a note"
    }
]